-- MySQL dump 10.13  Distrib 5.7.31, for Linux (x86_64)
--
-- Host: localhost    Database: security
-- ------------------------------------------------------
-- Server version	5.7.31

/*!40101 SET @OLD_CHARACTER_SET_CLIENT=@@CHARACTER_SET_CLIENT */;
/*!40101 SET @OLD_CHARACTER_SET_RESULTS=@@CHARACTER_SET_RESULTS */;
/*!40101 SET @OLD_COLLATION_CONNECTION=@@COLLATION_CONNECTION */;
/*!40101 SET NAMES utf8 */;
/*!40103 SET @OLD_TIME_ZONE=@@TIME_ZONE */;
/*!40103 SET TIME_ZONE='+00:00' */;
/*!40014 SET @OLD_UNIQUE_CHECKS=@@UNIQUE_CHECKS, UNIQUE_CHECKS=0 */;
/*!40014 SET @OLD_FOREIGN_KEY_CHECKS=@@FOREIGN_KEY_CHECKS, FOREIGN_KEY_CHECKS=0 */;
/*!40101 SET @OLD_SQL_MODE=@@SQL_MODE, SQL_MODE='NO_AUTO_VALUE_ON_ZERO' */;
/*!40111 SET @OLD_SQL_NOTES=@@SQL_NOTES, SQL_NOTES=0 */;

--
-- Table structure for table `authorities`
--

DROP TABLE IF EXISTS `authorities`;
/*!40101 SET @saved_cs_client     = @@character_set_client */;
/*!40101 SET character_set_client = utf8 */;
CREATE TABLE `authorities` (
  `username` int(11) NOT NULL,
  `authority` int(11) NOT NULL,
  PRIMARY KEY (`username`,`authority`),
  KEY `authority` (`authority`),
  CONSTRAINT `authorities_ibfk_1` FOREIGN KEY (`username`) REFERENCES `users` (`id_user`),
  CONSTRAINT `authorities_ibfk_2` FOREIGN KEY (`authority`) REFERENCES `roles` (`id_roles`)
) ENGINE=InnoDB DEFAULT CHARSET=utf8 COLLATE=utf8_romanian_ci;
/*!40101 SET character_set_client = @saved_cs_client */;

--
-- Dumping data for table `authorities`
--

LOCK TABLES `authorities` WRITE;
/*!40000 ALTER TABLE `authorities` DISABLE KEYS */;
INSERT INTO `authorities` VALUES (1,1),(2,1),(3,1),(4,1),(5,1),(6,1),(7,1),(9,1),(19,1),(20,1),(23,1),(24,1),(26,1),(27,1),(30,1),(36,1),(37,1),(45,1),(47,1),(49,1),(60,1),(61,1),(62,1),(63,1),(64,1),(65,1),(67,1),(68,1),(69,1),(71,1),(73,1),(74,1),(77,1),(79,1),(82,1),(84,1),(85,1),(86,1),(87,1),(88,1),(89,1),(91,1),(92,1),(93,1),(94,1),(95,1),(97,1),(99,1),(100,1),(101,1),(102,1),(103,1),(105,1),(106,1),(108,1),(110,1),(111,1),(117,1),(118,1),(120,1),(121,1),(123,1),(124,1),(125,1),(126,1),(127,1),(128,1),(129,1),(130,1),(131,1),(132,1),(133,1),(134,1),(135,1),(136,1),(137,1),(139,1),(140,1),(142,1),(143,1),(144,1),(145,1),(146,1),(149,1),(152,1),(153,1),(154,1),(156,1),(157,1),(158,1),(159,1),(160,1),(162,1),(163,1),(164,1),(165,1),(166,1),(167,1),(168,1),(170,1),(171,1),(172,1),(173,1),(174,1),(175,1),(177,1),(178,1),(179,1),(181,1),(182,1),(183,1),(184,1),(185,1),(186,1),(188,1),(189,1),(190,1),(192,1),(193,1),(194,1),(195,1),(196,1),(197,1),(199,1),(200,1),(201,1),(202,1),(203,1),(205,1),(206,1),(207,1),(210,1),(211,1),(212,1),(213,1),(214,1),(215,1),(217,1),(219,1),(220,1),(222,1),(223,1),(224,1),(225,1),(226,1),(227,1),(228,1),(229,1),(230,1),(231,1),(232,1),(233,1),(235,1),(237,1),(239,1),(240,1),(241,1),(242,1),(243,1),(21,2),(31,2),(32,2),(33,2),(34,2),(43,2),(54,2),(56,2),(57,2),(58,2),(59,2),(70,2),(83,2),(96,2),(104,2),(112,2),(141,2),(151,2),(180,2),(191,2),(204,2),(209,2),(216,2),(234,2),(236,2),(238,2);
/*!40000 ALTER TABLE `authorities` ENABLE KEYS */;
UNLOCK TABLES;

--
-- Table structure for table `roles`
--

DROP TABLE IF EXISTS `roles`;
/*!40101 SET @saved_cs_client     = @@character_set_client */;
/*!40101 SET character_set_client = utf8 */;
CREATE TABLE `roles` (
  `id_roles` int(11) NOT NULL AUTO_INCREMENT,
  `user_roles` varchar(25) COLLATE utf8_romanian_ci NOT NULL,
  PRIMARY KEY (`id_roles`),
  UNIQUE KEY `user_roles` (`user_roles`)
) ENGINE=InnoDB AUTO_INCREMENT=3 DEFAULT CHARSET=utf8 COLLATE=utf8_romanian_ci;
/*!40101 SET character_set_client = @saved_cs_client */;

--
-- Dumping data for table `roles`
--

LOCK TABLES `roles` WRITE;
/*!40000 ALTER TABLE `roles` DISABLE KEYS */;
INSERT INTO `roles` VALUES (2,'ROLE_GUEST'),(1,'ROLE_USER');
/*!40000 ALTER TABLE `roles` ENABLE KEYS */;
UNLOCK TABLES;

--
-- Table structure for table `users`
--

DROP TABLE IF EXISTS `users`;
/*!40101 SET @saved_cs_client     = @@character_set_client */;
/*!40101 SET character_set_client = utf8 */;
CREATE TABLE `users` (
  `id_user` int(11) NOT NULL AUTO_INCREMENT,
  `username` varchar(50) COLLATE utf8_romanian_ci NOT NULL,
  `password` char(68) COLLATE utf8_romanian_ci NOT NULL,
  `enabled` tinyint(1) NOT NULL,
  `reset_token` char(36) COLLATE utf8_romanian_ci DEFAULT NULL,
  `expiryDate` char(30) COLLATE utf8_romanian_ci DEFAULT NULL,
  PRIMARY KEY (`id_user`),
  UNIQUE KEY `username` (`username`),
  UNIQUE KEY `reset_token` (`reset_token`)
) ENGINE=InnoDB AUTO_INCREMENT=244 DEFAULT CHARSET=utf8 COLLATE=utf8_romanian_ci;
/*!40101 SET character_set_client = @saved_cs_client */;

--
-- Dumping data for table `users`
--

LOCK TABLES `users` WRITE;
/*!40000 ALTER TABLE `users` DISABLE KEYS */;
INSERT INTO `users` VALUES (1,'virgilbaldovin6@gmail.com','{bcrypt}$2a$10$fgILgNW3pDRYpACeBNWf1uko1duYkqP0LFQj6WtMCic4ifjrRkV7y',1,NULL,NULL),(2,'crizzu27@gmail.com','{bcrypt}$2a$10$Wth03iqD/Hz1FcyZVkzi1euEb8jdX848r4qyqD66/Z/mj7inYVCQu',1,'c9a3dfad-a3ce-4f64-98c5-2ec08f24b1f8','2020-10-02 13:01:37.583'),(3,'sofiaghg@yahoo.ro','{bcrypt}$2a$10$ZCVHGNMH2tkqqjo67iUjUecTo3UmM7UQ6/nTnzDnDF2q9CnHwmdDK',1,'772e19c0-2e21-41f0-b1b3-52269c016aa9','2020-10-06 10:31:54.551'),(4,'virgil.baldovin@qsrlab.com','{bcrypt}$2a$10$82RU0seloMVw.RhpZoBSguXD4zhZZ3WRx7CmactV6ZGVcJRJZ4UpG',1,'d1fda6c3-ca9f-407f-8222-9ac0ad50e665','2020-10-16 17:13:43.479'),(5,'baldakke@yahoo.com','{bcrypt}$2a$10$pTd2fN.Zz2qq5pUwNH6l4.EYCycNygERjTs/lzlWhmX0fGDH2h60O',1,'11ceb3eb-87bf-4f37-8889-f7619ee94f76','2023-02-17 19:07:38.831'),(6,'contact@api-cricket.com','{bcrypt}$2a$10$nVjgQJDvY4o1HOkun5Ei2ekOljdnhdUztUmuiG5lrkRR9Uip6g1Ge',1,'a594d207-ddcd-429a-b6bd-58c391df545b','2020-10-16 17:46:02.437'),(7,'contact@apifootball.com','{bcrypt}$2a$10$5aUl8676wAL9Jd73g4mB2.T2VOy64K0FfHtSWeaonxZiNRlgu634O',1,'6a9e359f-46c4-4535-9b97-b6b1875f3236','2020-10-23 10:26:54.863'),(9,'buse.mihai@yahoo.com','{bcrypt}$2a$10$EETIJsOz2VNSgxap0YDAueysTBrWP.zvkgZdIUXB7xIORom08Slyu',1,'98b991b7-d12a-433c-bb86-1398a75f76dc','2020-10-24 12:07:56.505'),(11,'s_lavinia23@yahoo.com','{bcrypt}$2a$10$mczQOeveMDfqqInrkTQqGubOL5TrUcBSwbq9RtDqh44gFxtWUSHCK',0,'82260e8e-9a48-420d-955b-43d6263b0cff','2020-11-04 12:35:20.34'),(19,'alexnaer@gmail.com','{bcrypt}$2a$10$w.o9ifWM1xZhaBsa44WDUuVjY7uRVAWR8pnlg5e7i2RxbqjOJ5HE.',1,'598856cd-91be-41d0-808c-c640fc5001f9','2020-11-27 08:59:03.86'),(20,'angipapa20@gmail.com','{bcrypt}$2a$10$0Rc0ZYaiuGylAqESZYsAIOdkjmptJmhMFnFXkiOqjp87Apc3k7i9m',1,'1a0b873d-a4ab-478f-af9d-7bf08d010123','2020-12-02 17:10:47.917'),(21,'virgil.baldovin@infosysconsulting.com','{bcrypt}$2a$10$TatUS5GkQMZf77EvriK2s.h3GUToXisXEIgiko/4INax0uLOQVns.',1,'60412682-d0e9-49b8-8655-6027f35ed756','2021-04-06 13:57:24.243'),(23,'ilinca.ioana@icloud.com','{bcrypt}$2a$10$gywN3eVdx0tTNqVuthb9XedZrWB.DNe2aLDWsjEhAYFY8PPx.m/.6',1,'fc930692-914f-413f-bbb2-50b77205960b','2021-06-27 17:10:11.582'),(24,'gabriela.g.eugenia@gmail.com','{bcrypt}$2a$10$wRqudAkSsPbRqqpwfu59POOFyIUza.HbJNFhbijQpKsKMOdDxCZSW',1,'cca4c1ac-10d5-4709-aaea-dbef0a22f3d0','2021-07-12 20:21:07.218'),(26,'iulianamihailovici@gmail.com','{bcrypt}$2a$10$JnAWeWK1rFa688mQicFn9.AkYubD7gXxincCHkl8oYM/enERGmZv2',1,'aeded1cd-9e99-4337-9d34-1e82e113ef23','2021-07-19 13:19:54.922'),(27,'adasimion89@gmail.com','{bcrypt}$2a$10$LQ.sUblz1Knh8SSOHZ4SEe8S78Ob/6Un.yKw6QA20zRK8RKRDQIWS',1,'dd2920e3-63c0-41b9-9938-a1b212a1d595','2021-07-27 07:53:45.349'),(29,'elena_ioana20@yahoo.com','{bcrypt}$2a$10$yBNFfPtd9OxCPtya3X409elgbl9.Ze7Q4EEx9GC81XYcw9zn2kBLS',0,'3a199a3b-8212-4a67-aaa4-875fd61ee612','2021-08-07 03:56:11.808'),(30,'turbatuizabela@gmail.com','{bcrypt}$2a$10$vyPW2jaOPpQrqcX/1X4hGef4UoH5ttNVUykUnBjWN1DfRTdDl.SrK',1,'e4a5d2fc-7f61-4ebf-9842-a73a417971ab','2021-08-13 16:13:14.902'),(31,'alexandereduvision@gmail.com','{bcrypt}$2a$10$Dg0/Gul7u7Ec5oMqTEZkrOkkK1BIR7K4.iETo8Td59iVhFgkIkV72',1,'b28cba01-77e7-4da9-bffd-35a4bd4ba3e6','2021-08-14 09:14:34.776'),(32,'mariasendrea@yahoo.com','{bcrypt}$2a$10$LObF8N1a/cqSKox2ZtPIjezMjv81ONxCiN9x0WV2C3QQp36kPaCSO',1,'35fcfdb7-2272-4329-9c58-31a61a417b8a','2021-08-15 06:39:37.173'),(33,'ion.gabriel.scap@gmail.com','{bcrypt}$2a$10$0w4EJUV/h56kIbcILeyVb.9mEASOn51MAZPy6s.CLFwHQGuCVENwm',1,'c48d6e67-1f5e-4693-b45a-2516cdb13c14','2021-08-16 09:16:15.808'),(34,'sumiko18@yahoo.com','{bcrypt}$2a$10$pJWh9VKo.JXv9K4512bKHe1s3/STkS6mzjWSb0FpeY.2dzecl9g4y',1,'eb80a35b-cde1-4203-812d-4686337c0da1','2021-08-18 09:58:18.901'),(35,'alexa_01199@yahoo.com','{bcrypt}$2a$10$JElwyd/6EKgWtYnJPOe.Bu.t4mDT.aPbEBHMN.c0RoskkZmtHDCZu',0,'032869d5-c353-443e-84ed-4650b16edb98','2021-08-25 19:32:51.381'),(36,'denisa.coman0309@gmail.com','{bcrypt}$2a$10$uyXCsWVR846fQscs5GeOk.seFE524PU644a/gBXrN8tjU75n4KkxS',1,'d7df74bf-23ee-4cc6-9422-5f1157fa4260','2021-08-28 21:04:44.063'),(37,'ionita53elena@yahoo.com','{bcrypt}$2a$10$5y/U.8ziNdv17aLAqzELtunIVDrRezXW0bZ6sXyx7cQjuLEyrXqRW',1,'40f1c021-679c-4224-832e-e77a9e283554','2021-08-29 13:00:10.384'),(38,'firicamihaela555.5@gmail.com','{bcrypt}$2a$10$OmF7QFoBjINxQ7ftUYs41uMzuo0aLB7dt17foy2V.QUIpKjcFnf5u',0,'0a886440-b0b7-4e73-96c8-837f553798c6','2021-08-29 13:53:06.831'),(42,'contact@allsportsapi.com','{bcrypt}$2a$10$jrGLAgMbQkWawUhzEI.RouAD2jrHvUGUZuHt88EmG4p31ThfHBUUW',0,'54fcf4ba-644d-4daf-93a4-1b4487b9dd17','2021-09-14 14:36:47.127'),(43,'virgil.baldovin@inetum.com','{bcrypt}$2a$10$Ew9pGnHz2A6SaxvktpubRuJpEkURAiUeyEaLt7z.URX9xnd0X7WBi',1,'67736b17-1c72-43a5-9383-c96c26f93cd6','2021-09-14 14:51:47.65'),(45,'razvanmarinth@yahoo.com','{bcrypt}$2a$10$yy3WGc92FIJJm6fGEG6rqe8tB/hSs325p4687qqwCCoDSW/opd.GO',1,'8e5c03f5-d6c3-40c1-b091-06dff0c080d7','2021-09-20 16:51:19.675'),(47,'delia_breza@yahoo.com','{bcrypt}$2a$10$92gR079/2tpVn56y7glp9.Mz.L.RXlKNnxzTl8A48aKlsJ78/weju',1,'a794f52a-5d26-41d9-9a51-20a67a2194d1','2021-09-28 20:04:51.484'),(48,'cristinacris150316@yahoo.com','{bcrypt}$2a$10$2/DQezIXFwmPBfzL5DmQcuKddbZSfegxc4FThHD2LQvLXDI6yJo0a',0,'2334bca0-b89b-4c42-aac7-479c46bbfc36','2021-10-03 23:29:56.942'),(49,'militarugmario@yahoo.com','{bcrypt}$2a$10$Knu/56GSna6MfLiEjFksXe1iZicDc02YwoS.nZuZEgkPWluub5H9q',1,'8268e548-ecf9-423a-a6f4-406b05832e1e','2022-09-24 18:54:22.719'),(50,'valentina.orjog98@gmail.com','{bcrypt}$2a$10$N7Y2tR0joEeS.eboheU0AeI6IVo3WNnd5D.bdD/o.IAXWtF151MZG',0,'695a4877-df61-49d7-bee2-cf230bf3172d','2021-10-05 10:14:20.127'),(52,'pintiliea18@gmail.com','{bcrypt}$2a$10$LyEJHvhhvmmkheNJR8IEYOC5DiWdN3bgwyZhIR7BaYyyZUt9JAXGO',0,'c93874b0-8908-4c2c-88a2-cff0aebdfd7e','2021-10-14 10:42:43.337'),(54,'antobogdan@gmail.com','{bcrypt}$2a$10$UwHJznE8CFBXodV3aTh99.2Bp0KhkfU.Oz/yK6bmA3VUQOLPddEAC',1,'10ebb1c8-54f4-4f85-816d-e7625854f715','2021-10-24 16:09:39.899'),(55,'vifsad@asfd.com','{bcrypt}$2a$10$EotKRvjMzWHn0mR7MZpzDudkwHaAz.Hakuymf4THqEn4y9A7jyIye',0,'75e184e6-28c6-4699-8391-9a6445bc1bdb','2021-10-26 13:48:18.14'),(56,'edyg1211@yahoo.com','{bcrypt}$2a$10$Db7gtrTY4bEtCFaDxnY7KebW6fOr.n9dMAwW9yH7BtW2WV1byGyDa',1,'1cfaf293-57ac-40b5-a524-436ef5a2e62e','2021-11-04 16:30:02.325'),(57,'deez.adina@gmail.com','{bcrypt}$2a$10$oio1Bl2HcTjgXk.I5auiTuj3nc/7r4DsQNCoqp6rTpwtcuyyGAWUO',1,'f94043bc-1897-4f26-aa01-50d15813c735','2021-11-07 17:30:00.547'),(58,'bigar@email.com','{bcrypt}$2a$10$0cCYclU7bYNI34.zksmt8uvdEKFYIxZSTgwxgH2sh/2/M9zmhWPlu',1,'63f41d96-71ac-40a6-b5d9-91cca69a3943','2021-11-09 09:09:00.727'),(59,'a@a.com','{bcrypt}$2a$10$vQeAdI7PDGJPTe7HnczNp.qhJcuSCXioi/L3S9qUwSkvbfN6RnCOe',1,'577ef8e4-0d0a-44f0-a118-0a7d9def6fe1','2021-11-09 09:11:13.553'),(60,'x@x.com','{bcrypt}$2a$10$zVaQSNNKg.P5xS3CUGVuluh.4NECMsIgNT/rvAxnhvfLdyv8iWVF2',1,'3dcc14f1-9dfb-4d5e-ae96-d22aafa79fad','2021-11-09 09:22:52.609'),(61,'daniela.stamatovici@yahoo.com','{bcrypt}$2a$10$fht2OA3WbSQQqKpNj0MaROEAREYAEKrda1sJ09oy1FycybPoQGO52',1,'33aefbcb-05c3-4b6c-9a94-2be1ec66b665','2021-11-09 09:26:19.633'),(62,'catalina_ungureanu@yahoo.com','{bcrypt}$2a$10$O5uobcyTyyYEGUVWXheNke/4qhh4TjV7QWXHzylaCSOkN1Q/ACu42',1,'4f7f48e5-2e5f-45c5-9691-0b529b88b216','2021-11-11 11:18:11.416'),(63,'ovidiu@wiq.ro','{bcrypt}$2a$10$WvTsfYSeujX0wFI/fCnyRuVgarUhiKyfZWBONaT72OpwPgGUmsj7a',1,'0d9aec96-dbfb-4698-9a6e-5f9c261b015d','2021-11-12 10:55:07.438'),(64,'eromanu71@yahoo.com','{bcrypt}$2a$10$4jQVZ5wesohpfF33cJkZVeMPGlGZnuWFLhVdTO05v3l/PQS7TEWyy',1,'4fa8ffe4-db22-454a-8b04-f1b55684856d','2021-11-15 07:45:21.139'),(65,'morcov_alb@yahoo.com','{bcrypt}$2a$10$dfYQEnKxY3rc7KtFJCzJb.T.dT8CUVxlbrZbd65Ux8TpDSw7xcqfe',1,'73bfdc86-eff5-4084-985c-fe428839dd50','2021-11-26 16:55:22.196'),(66,'andreeamaria98@yahoo.com','{bcrypt}$2a$10$2ZubOfxWoPitrFcsSZ4ufujKyblNcSOF1.gnJGTJj3m1w5jbXbcSe',0,'20451339-26a3-440a-b904-b4b05cc8e27f','2021-11-27 13:17:43.833'),(67,'roxanamariavenus2@gmail.com','{bcrypt}$2a$10$RrnfEgnclL62fbly4Zh/xOVh29Svhwt2IjimhtgR1CU3BIEL3r2bK',1,'ca7b040e-cd79-4313-b987-528fe2e54394','2021-11-28 15:13:19.067'),(68,'cristi.vasilica.teut@yahoo.ro','{bcrypt}$2a$10$n3odKO8MWtTpDaOxwdZrzO1mDLLWuXTvhiPoiD/rasvVxQpFC7kKy',1,'a6a04506-f816-4fe3-8b8a-af81464dc9eb','2021-12-09 21:16:50.842'),(69,'bucur.cristiansb@yahoo.com','{bcrypt}$2a$10$Rw8cPnOACey5WWa5hYPGdeuPyu6XUykYHXSWF8tBaRRBv2iezH8eC',1,'71ce834f-837c-4a7f-89b8-1ebd3ab6dbc2','2021-12-15 10:58:21.421'),(70,'cathydragan@gmail.com','{bcrypt}$2a$10$mQ/L3c4CwISyq2f7Pxa4muorG9a9ZueEiWmaVxq8szNR/9TWZMflG',1,'47b130b4-407e-4323-9d6c-81187d8b0204','2022-01-10 19:14:19.841'),(71,'necula_ecaterina@yahoo.com','{bcrypt}$2a$10$xH3GiuFFTLYSZyQN5i75OeTh4WF8QbXLn0/GG7CfrKw1AXNkqekde',1,'8fe8d061-4e29-4a3e-9d63-124d1cb083da','2022-01-13 08:28:47.943'),(73,'ioana_besliu@yahoo.com','{bcrypt}$2a$10$jS4IMIil9uT0aYNLoQLem.0fXyPXcvC1I2caplaOZzJvPyQZqkkN2',1,'d5857bfc-085b-4f56-8880-3f1f0ba4acac','2022-02-02 19:14:06.024'),(74,'familiasimionescu@yahoo.ro','{bcrypt}$2a$10$Pgec3zEn4xZ7dnwJLBWqleqKGm13y9F/TSsAky3OgWjWrO8L3LdJa',1,'30700f11-34c7-420f-bdaa-8835b5ba53cb','2022-02-06 17:45:25.044'),(77,'costea.roxana87@yahoo.com','{bcrypt}$2a$10$6/v3pvgUVe2i5tDkpEmZ1.poHawd.pzt9vc46k7INOWQ4T2bUgqgu',1,'f552c349-4549-4325-9590-71c169221e97','2022-04-01 16:00:01.336'),(79,'simona.radoi82@yahoo.ro','{bcrypt}$2a$10$vOJdrMFqbKkM6ejLd2GIFuzgTSCHK8J9NYWAXpLbYdxgKRK41I8DK',1,'da1bdd56-5e53-45c4-ab01-2366b8b74eca','2022-04-15 14:27:43.69'),(81,'ionescudoina22@yahoo.com','{bcrypt}$2a$10$EhKgK6I3gAIMSf6Ez9EwweZAdf731A5i6Dw2vaVdxbud2g/HoTLp2',0,'78f51e27-f65b-471f-9e7c-1987eb258e97','2022-06-26 12:41:07.255'),(82,'georgiana.asavoaei@gmail.com','{bcrypt}$2a$10$refiR64URJvT55hzuEeauOIf.FlagUCW1ntAjbdhYI9fy8nVc/n3y',1,'050fe483-af5d-455d-8e0a-c3d61241156d','2022-06-27 10:18:11.177'),(83,'hotopilamihai@yahoo.com','{bcrypt}$2a$10$srafAZhD1gn.OvRL2gMC3u3S3tX2m/C2I/d.3D9Dp4aRA59nR2/tK',1,'ea737111-2644-46da-8529-f5265e59270e','2022-06-30 01:07:27.591'),(84,'netuioanaraluca@gmail.com','{bcrypt}$2a$10$LIVkfvu3ivx.MRB0lTvHUuBB3wmRWq40dxHKDzqBx/2w854S42W5.',1,'5f2e1e68-e563-49d2-a240-a33fdcc90bb3','2022-07-14 16:30:27.262'),(85,'monica.tanase299@gmail.com','{bcrypt}$2a$10$0NISyNa0aYS0Y6Nf.YDWy.TV7BmSErJM3jHlZlwEL5v0pMDQLs93q',1,'246242fb-4343-413f-9b69-6185ab4b7954','2022-07-24 13:26:40.34'),(86,'anna_marya2991@yahoo.com','{bcrypt}$2a$10$YH3gZOF/iXi3MBixiTelauobdGXuEGAReS98Ue0tDOb6EiDDe3OP.',1,NULL,NULL),(87,'ioanadg2004@yahoo.com','{bcrypt}$2a$10$xWQ1K056ERK6Lggz.w7xDe29t2ra5v3gos7GNVdfdeyjADpWU4hnC',1,'46bab6ff-4826-46d0-9000-a4400d9439a0','2022-07-27 14:50:30.332'),(88,'sermet.sophie@gmail.com','{bcrypt}$2a$10$EfVKQNiw812i69P.sruVouYVr.aIY837u0F62AdP.LtjFXL58UVF6',1,'0de862d9-5653-428b-9f05-ed209f95371a','2022-08-01 15:31:57.546'),(89,'negoitescuioana575@gmail.com','{bcrypt}$2a$10$JCbIuFmUWSHbVa/dHkF.zOeU/N75G/J4zcR/F0AyiD3kMVCXqt5Pe',1,'11f255c4-eb39-40d0-919b-75d8158d5eaf','2022-08-11 18:41:09.913'),(91,'eduardstefan47@yahoo.com','{bcrypt}$2a$10$Yxd8LKyYuOZLWdBJApctYenpp8EK74TZzlKz7wguT6QmdQkp6wKie',1,NULL,NULL),(92,'musoiuz@yahoo.com','{bcrypt}$2a$10$Z35u22JfgBMCM5a9x03soegy1kOPA2TAWLFWv2j7/gsRJr7ILk0Dq',1,'9084fb63-e76a-44fb-985c-8f2f581cdc5b','2022-09-20 19:30:41.152'),(93,'gombos25maria@gmail.com','{bcrypt}$2a$10$kzQP0Fy3sD5J3C.6oaEeBOfURnHgaSa0s/8nrJblxAjbyCJ02Qkeu',1,'f231f195-882e-473b-9b84-662df9143630','2022-09-21 20:18:17.152'),(94,'corinaalexandra248@gmail.com','{bcrypt}$2a$10$Rz3kiCHK0YVZfaixJLtOo.6eA.v7FFabH2A9fJSf2iNLzfoqsl0oe',1,'3fa1d533-d184-4017-9296-d91d696e4374','2022-09-22 22:10:53.353'),(95,'d.valentina.tache@gmail.com','{bcrypt}$2a$10$vlE5K56Wy2WWywoy7IAnOejLm.YMOm7Kw/6T.9sWR4gmeedVxCV36',1,'17bf111a-cd0c-4918-9196-8367466741ba','2022-09-29 11:23:16.394'),(96,'torombolidiandra@yahoo.com','{bcrypt}$2a$10$EUhgD4OC0T6bJNfVtH6cVunxtr34q/UaYTa.hPxhlXfTv8GN.aHX.',1,'e0c94bec-efac-4616-ad61-af938aca52e7','2022-09-29 21:34:15.966'),(97,'ancapadurariu90@gmail.com','{bcrypt}$2a$10$zfT9aFULuSm0I7Yt6c.ZJ.uTQsB/2ljp.CuThLv4FyHgws1dy5f5m',1,'09383c7c-245a-46d1-b3b8-6806ede9dd95','2022-09-30 17:49:37.105'),(98,'ghiocella12@yahoo.fr','{bcrypt}$2a$10$bASAdrIK4QPmrnZbyBnTVOFRLa.HUwdzXUvLAesgGXP/n1UEgFQF2',0,'8642b41f-8f10-4374-b567-e8729b29e758','2022-10-01 14:15:03.066'),(99,'maarriiaa14@yahoo.com','{bcrypt}$2a$10$SkqQucweKAE0.A7lt1mcWe9rM.o/Pmcw1FnxoZiRJL.zOUpVxq7aa',1,'17676f4f-774a-40d4-87ab-8df3584b868d','2022-10-11 22:33:03.221'),(100,'adriana_bucur72@yahoo.com','{bcrypt}$2a$10$SPG.CFW6gfSI5FAh4gu6COD.i8zxLRq5tQo8eiQNRpVXYf8gcncEm',1,'472d4b38-ddd8-4971-ac28-ed035c992276','2022-10-13 12:40:42.694'),(101,'teodoraana1967@gmail.com','{bcrypt}$2a$10$7LxWIz2UIT1BigSbkNBEe.AJ.Dj.sTxpAnRyouzQ6boAz3R.ptx4W',1,NULL,NULL),(102,'ilinca.morosanu@gmail.com','{bcrypt}$2a$10$VHxE..jpRzDdeaIIQ6WP/.A30MXx0ddCnvQojHCYi9DQMzyvAnBQ6',1,'c3392d90-df55-4bf7-9c3e-1b3cd4d3de4c','2022-11-07 19:16:27.748'),(103,'sandu.amalia@yahoo.com','{bcrypt}$2a$10$zTvb026NiWqJop2NKBe9oumJz8he5rFykygxTot7Ssj26l7jW5qya',1,'4289fd36-33d6-473f-9ee5-19e5ba204671','2022-11-09 09:07:26.948'),(104,'digitallynative1001@gmail.com','{bcrypt}$2a$10$bAyihRiyNyHp.IO.zi90w.ru51qgqej6ynF9ouqCkte0ED24wx7US',1,'6b669994-96e8-4590-9832-9c73e0e77df8','2022-11-09 20:47:48.601'),(105,'crissgheor@gmail.com','{bcrypt}$2a$10$28sM3..31VQppvZOlsjJiecScIUy3MxmyWX36yhdZWN.v6SZLROWC',1,'673322c2-e4ce-4207-a81f-e78e17b7ffb8','2022-11-14 18:04:40.206'),(106,'budilasebastian@gmail.com','{bcrypt}$2a$10$H7ADIvSewhtyF3f8sYjNj.PrC1CfAUF0s8vCdEdk0izA2TPe9qx8i',1,'81fd46e3-555a-402e-9351-b771d8f787c3','2022-11-14 21:42:17.017'),(108,'rebeca.stanciu@yahoo.com','{bcrypt}$2a$10$cVdNdCIZSUADxD3naagEEet0YNcbBDjkf4rCsVSHRFmNOaCdH/./y',1,'832f2cfa-7188-4334-abe1-9610b8c85a9d','2022-11-22 18:43:48.371'),(110,'elena_ottilia@yahoo.com','{bcrypt}$2a$10$9a07mGFKwapni22kd.VfW.7CJP9DUoHowPGKYhx4RXoZH.JwDF.LO',1,'8381d342-4669-4810-b86f-d48c49172a22','2022-12-06 18:27:28.433'),(111,'smartgrade2020@gmail.com','{bcrypt}$2a$10$niC9mk4PupHpzoLYFW9ecuj9TrELwI1QKg8jA1QHy9MGGdq7yJ75m',1,'90d60fc5-0306-4467-be77-88459ad3ee2e','2023-01-14 13:12:46.548'),(112,'adriana.dobre89@gmail.com','{bcrypt}$2a$10$NPIGl4lgco2Z364mXSX0velzsYWXJa.C404svpV0.Er5EfRfh5bVm',1,'37bcd6b7-cbea-4a7d-9451-75a32db64461','2023-01-16 16:09:03.437'),(114,'sollastheodoros@gmail.com','{bcrypt}$2a$10$rm3Hvm7lZYYFIaKvBy/EKObMCn7QWUSBiluDgPcbzqaDEHgzsnsgO',0,'76c4078d-e4cd-4fac-a40c-3fb358b48f32','2023-01-24 17:03:51.074'),(117,'vladnistor2410@gmail.com','{bcrypt}$2a$10$5KIQmrjHR3HP74xU4kCrv.ymtifXSdQZiXb4re.ar7kB12Rnh5TpO',1,'8936169a-1e0b-4fbb-9ebf-400d308c51e6','2023-02-10 11:17:05.856'),(118,'nectariepopa@protonmail.com','{bcrypt}$2a$10$TddVCFnZywPox//g1UXtVuMVBai56PcBRi8S8TxFFjFkmrNqmYLK.',1,'5ccae423-6683-4a8b-8a7c-479c3038c922','2023-02-13 14:01:58.463'),(119,'contact@meditatiianunturi.ro','{bcrypt}$2a$10$vimmkZRMFqV0mNmYse0liuIZtwf37d3Ly0ER8/0AmtRFQKzkwdz2u',0,'74c5f77f-20b5-43e9-96ee-c45c9b768df6','2023-02-13 22:06:34.715'),(120,'sandacopala@yahoo.com','{bcrypt}$2a$10$2TkvJaXn.2K4JfKc.yAlkeOUJY4/e99U9T7DbwmfcWlJ67SP6Obve',1,'8a742e3e-c008-41a7-86eb-e53e69c31d99','2023-02-13 22:47:24.807'),(121,'cr.meditatii@gmail.com','{bcrypt}$2a$10$R3sj.Wyre2h5bgszPReKVOwEAo/GYaxyH9CC0GuKaB.WnOeWnrpBm',1,'70ed694f-6899-48ac-8a34-39088a0a76b7','2023-02-13 22:57:36.335'),(123,'ana_hohan@yahoo.ro','{bcrypt}$2a$10$l4eAzXxQrfDMnxyc6xcQkuL/qefOAD2DKqHM.fjWBC5xLLPlidtF6',1,NULL,NULL),(124,'ancabutu2014@gmail.com','{bcrypt}$2a$10$l4eAzXxQrfDMnxyc6xcQkuL/qefOAD2DKqHM.fjWBC5xLLPlidtF6',1,NULL,NULL),(125,'catalintov@gmail.com','{bcrypt}$2a$10$l4eAzXxQrfDMnxyc6xcQkuL/qefOAD2DKqHM.fjWBC5xLLPlidtF6',1,NULL,NULL),(126,'cristian.medg@gmail.com','{bcrypt}$2a$10$DVblytLULXhUhuPCy9y9C.LiIvqxm18P2t.V.Z/0Qx55I7Bu3GHnK',1,NULL,NULL),(127,'daniel97negrea@gmail.com','{bcrypt}$2a$10$l4eAzXxQrfDMnxyc6xcQkuL/qefOAD2DKqHM.fjWBC5xLLPlidtF6',1,NULL,NULL),(128,'eglebag@yahoo.it','{bcrypt}$2a$10$l4eAzXxQrfDMnxyc6xcQkuL/qefOAD2DKqHM.fjWBC5xLLPlidtF6',1,NULL,NULL),(129,'englishlessons832@gmail.com','{bcrypt}$2a$10$l4eAzXxQrfDMnxyc6xcQkuL/qefOAD2DKqHM.fjWBC5xLLPlidtF6',1,NULL,NULL),(130,'iamsimina@gmail.com','{bcrypt}$2a$10$l4eAzXxQrfDMnxyc6xcQkuL/qefOAD2DKqHM.fjWBC5xLLPlidtF6',1,NULL,NULL),(131,'motmar161@gmail.com','{bcrypt}$2a$10$l4eAzXxQrfDMnxyc6xcQkuL/qefOAD2DKqHM.fjWBC5xLLPlidtF6',1,NULL,NULL),(132,'pauliucnaum@gmail.com','{bcrypt}$2a$10$l4eAzXxQrfDMnxyc6xcQkuL/qefOAD2DKqHM.fjWBC5xLLPlidtF6',1,NULL,NULL),(133,'ralucat994@gmail.com','{bcrypt}$2a$10$l4eAzXxQrfDMnxyc6xcQkuL/qefOAD2DKqHM.fjWBC5xLLPlidtF6',1,NULL,NULL),(134,'virgil.baldovin@orange.com','{bcrypt}$2a$10$l4eAzXxQrfDMnxyc6xcQkuL/qefOAD2DKqHM.fjWBC5xLLPlidtF6',1,NULL,NULL),(135,'contact@apicrypto.com','{bcrypt}$2a$10$Urcm/iw11MZ8tPYb/gzFouDK2R5Vn/Nc03KfTc6ESIPXG3LhBn0RS',1,'16a65fda-d49c-4011-a212-30c2b7f17cc8','2024-02-16 15:18:24.31'),(136,'contact@apicrypto.io','{bcrypt}$2a$10$nGy6HcSMP.r/8xLPU4QoGuDT6rVztnL8Lr09UwlMeG8t2j9K/TBcu',1,'e2c04455-8a43-4171-a488-e73836576a20','2024-02-16 17:35:56.295'),(137,'firica72@yahoo.com','{bcrypt}$2a$10$miCtX8QmgN5Eu8YNeprPb.Am5fJHJ2n0MM67giNA1qOVfTe0aQDa2',1,'70ffca1b-07df-45f9-850d-9d40a11cf5a7','2024-02-16 18:17:12.972'),(138,'firica72@yahoo.ro','{bcrypt}$2a$10$q6eVYTEM0ERjlPWHCFyiI.6lku8ZrHyfJPyA3ckZ7SJiFCHb7RkSm',0,'7e9c037c-3b33-437a-90b4-343d06dc4862','2024-02-16 18:23:09.392'),(139,'apicryptoio@gmail.com','{bcrypt}$2a$10$T0anwRvpGvtG9492fJyEc.lyWh.ifLCmuxcoND8rbhSbUnF5Y3YRC',1,'bbe09b1a-54d9-4479-a85b-b89393ee3335','2024-02-22 18:38:52.28'),(140,'alexandra.iscru23@gmail.com','{bcrypt}$2a$10$TALBTOXhyVZZTupKTPVgeOoQRTIiuFQWBHNcwDqxHowSLuyetkj1.',1,'7ed0d641-6927-4edb-bd2e-1d9ac13b7468','2024-02-24 18:05:48.534'),(141,'cambridgeschoolromania@gmail.com','{bcrypt}$2a$10$0nWsDW5QcwbfYFAvIOTNauSmcZ0.FBG7vetkkTvvfFXTx78iOdVRK',1,'9883da7c-9137-47d1-8694-285a4ad6b252','2024-02-25 03:22:31.472'),(142,'radcatmih@yahoo.com','{bcrypt}$2a$10$iVST1Fbnp/CqwjfO1BMhoO.QnS.CGZWw1qNJ1WrOGjVKl5DORD2M.',1,'1ca15ec6-ccd7-4750-84c4-8f0d35452cb2','2024-02-26 02:11:05.609'),(143,'crisstina.maria.popescu@gmail.com','{bcrypt}$2a$10$b7SXQmJhb4FaOn2059E1r.OrzMGRyMcKYBBk.UG/G8pu47fIvD6XG',1,'3541bc35-8536-484f-bda8-7184a118829d','2024-02-29 21:20:01.008'),(144,'cristinaviiu@outlook.com','{bcrypt}$2a$10$YkfD9/2XWNcxhsPcnAspHOQPSs1ZoPxREAgGe73XF9IUG48gyBfZe',1,'c430c64b-15ee-4e46-9963-0cc81aa7972c','2024-03-13 03:14:44.355'),(145,'butusina.cami@gmail.com','{bcrypt}$2a$10$6yF1FdU.mSRXKf0eiM1JOeEyt/euNyxNP0LLxXyKdy9o5O20rt.2G',1,'a65bfb0a-a669-4e36-bfa1-60e32d6256a8','2024-03-14 20:21:36.186'),(146,'carmenstancu74@yahoo.com','{bcrypt}$2a$10$OlO/iKuBZGUKfcemKgjH2en7D6owHVZ4Ie3wLVmx27ylgxaXlqg2q',1,'58702d38-c281-4344-a7c4-c41132d18a7a','2024-03-17 17:40:40.549'),(147,'conkt1174@gmail.com','{bcrypt}$2a$10$i2ezQIOAGXy9jN2xCBdJQ.nCDVGL8otoabEd0c8GEhCTF6f9N//dm',0,'8d9e8f15-74d1-4324-b871-69f364ed02d7','2024-03-17 22:51:03.896'),(148,'andreea.costache21@yahoo.com','{bcrypt}$2a$10$pEmo.dYrhrsPRVzekHmY0u1/Ock8lujC0T0rm6/zjFE.BJfsaUMAO',0,'a5408f04-3b08-4f20-8f3b-5d4fa1b23d2a','2024-03-18 16:35:56.156'),(149,'iuliapetrariu@gmail.com','{bcrypt}$2a$10$9gdYZidLa6FNCfdmoyN61OClHAJaLl3Kd3ypzjqEPBDXwidOvBxA.',1,'8badfb32-a068-44a7-91f8-cf494f7725ab','2024-03-19 17:42:25.732'),(150,'drajgu_nicoleta@yahoo.com','{bcrypt}$2a$10$0XJdhtspvptZ/5EDXITX8uDbCS58Cc8dgSRwDurljZ6gOW/B2URfS',0,'00cea86f-630b-48eb-8e6a-855b1b123c74','2024-04-01 14:19:23.478'),(151,'b@b.com','{bcrypt}$2a$10$v3mXi/y1z0BLojrOv69iquqCBsr8JKSGnj1y1vok6KKVlJ8Q0Jqe.',1,'d2293167-e96f-4500-aaaf-80681d9832bf','2024-04-17 13:10:34.884'),(152,'corina.staicu21@gmail.com','{bcrypt}$2a$10$x4CiPfRN6ttx6MlqUK2PPulxGduzHPBG/2rb.7opSgyt8gvRKDbxe',1,'9c1f5b1c-00b7-48f0-ae39-dc5815c487ca','2024-04-18 15:44:28.809'),(153,'marian.mihai43@yahoo.com','{bcrypt}$2a$10$rnyhTz0SN5ocGY7Er.TPIeuemC69SLEGZnPTIJwRK8vFJLTdifRTW',1,NULL,NULL),(154,'elisabeta_marincean@yahoo.com','{bcrypt}$2a$10$offe7VeqtwOAbwCzG9NOCuKkRdaaFle5syhqMxlGdbBRX5rCa.HD6',1,NULL,NULL),(155,'magda_mache@yahoo.com','{bcrypt}$2a$10$eEfVynhJWNvMqY6wMbKs6uZ4EGqM9jy.LkCh/dITFLYi/uqk4HQuO',0,'4d98c191-e085-4367-92c3-e7dad7bb709f','2024-05-18 20:10:09.338'),(156,'magdame911@gmail.com','{bcrypt}$2a$10$f89xgU6HQgw6DTCEUjjqsuH1/SQFw8ROyoheaoIB0BUUcsNLkWTRW',1,'36083f55-3827-4e50-97dd-abc586a552d7','2024-05-18 20:12:17.754'),(157,'gabigheata@gmail.com','{bcrypt}$2a$10$RO2WJLrWG3XJ1XHmP1eoIu.Iv7HRNzbw6OdZk9yMieCgVx8/V2fzW',1,'3d50fad2-3893-44cf-9690-11ba7b3a16f0','2024-05-31 11:52:39.613'),(158,'danaegeorgiana6@gmail.com','{bcrypt}$2a$10$43FOCGxr9y75Ho.c7WyCnuOWiN7AWUki7FGqShelYR8NutYrgZruq',1,'660c0a51-fb18-40d2-ae78-fe8c32cf8d27','2024-05-31 13:28:49.249'),(159,'aurelian.popescu10@gmail.com','{bcrypt}$2a$10$KB1jBEnCZsd/ysoTUzplVORKf0WdOdJPZKEytgGVTexbXZOcE7T1q',1,'0bc0b9af-e310-4892-9ba3-76643eb01b63','2024-06-04 15:09:14.99'),(160,'newenglishcenter7@gmail.com','{bcrypt}$2a$10$CGjOE4yPSG5zD7iHJ5cgmODuhpr3Gt2gMwIVSDJDdLIeLb8DE1RQ2',1,'7a287785-4e1e-4c50-9f73-c96a5b7fbca7','2024-06-04 16:50:11.248'),(161,'panaitescucristina@yahoo.com','{bcrypt}$2a$10$mHbAH3xmFM9aaddoyuXnPe6WSRvmPBpsKrJCOeT/C8Q5iKuZIfYYC',0,'83b31548-0e1a-4315-a591-c58f5d8b1a87','2024-06-07 14:48:52.089'),(162,'nedelusiulia00@gmail.com','{bcrypt}$2a$10$CBVCiiJnSycdgXwpDApo0ufy3EkrHuMYi5gXo5lHZ5H5nAOVbfM2C',1,'d659f85e-49f4-4a54-82b4-2ba269c983d8','2024-06-08 11:06:39.128'),(163,'silviu.glodeanu.fr@gmail.com','{bcrypt}$2a$10$YyHJFE9ZqYk02n28pKyGU.jEzgntoMSKhDgEHs/hfQE7AndrOXj7q',1,'52a20cfd-adc3-4fdf-bf90-9cda60f1b6f9','2024-06-11 15:03:50.702'),(164,'carmenfaiglevici@gmail.com','{bcrypt}$2a$10$NACyKK.NG5CGT8Na0sFBsuyd8HGVoloMdQa5CeZUJnRujGiFzVrNW',1,'64de878a-b77a-407d-aa9c-7f8d15ed7be6','2024-06-12 17:00:53.281'),(165,'razvan.spalatelu@gmail.com','{bcrypt}$2a$10$/vRClF85Nt5fKcwUITzZ4ObN8EH89sIq0Q7V5C9SZ62ezqOUz2rku',1,'f08d2fc2-910c-4be6-8fdb-59df5b4b4ad4','2024-06-12 19:59:37.39'),(166,'alex.english.cambridge@gmail.com','{bcrypt}$2a$10$8DU15oYj1QmX8lJwsd0uhen7HO/FH19sbcQ9L7QCFuwkYMMGW4B4.',1,'fba8f500-c65e-48a7-97bd-e48da9a8bc94','2024-06-18 17:56:50.524'),(167,'isa.moraru@yahoo.com','{bcrypt}$2a$10$Ef/liUQV2ukGjVOdaKsCNu7By.y5I2ta4hNfLjnR0jDMHGf.UDn66',1,'7d7a9ff7-f05d-403e-8a74-ca94902c722d','2024-06-20 19:02:53.824'),(168,'stanescu_alissa@yahoo.com','{bcrypt}$2a$10$vS1EoMbfwTg8wFYow1dWFu4BcZrPKAJFPi7G.WwoM5UZBn9tGW8nC',1,'f0eab4f9-14c1-4d4a-8155-d716325078d7','2024-06-21 23:47:27.091'),(169,'pyana001@yahoo.com','{bcrypt}$2a$10$CC2.u5NGfXUBIuNKagUwO./fpOB8O98u./98N.v3CcEDn0I7wap.u',0,'b48587e6-1ac9-47ff-88cd-995164ba945c','2024-06-23 02:29:43.621'),(170,'nasturica.andreea.bianca@gmail.com','{bcrypt}$2a$10$BxZGTxtD/MCd4XA1LtOykuRYQKVtyiCd726h6gfdx7Ndkp667sDbO',1,'0b7a4d86-4ce1-4b6e-aa81-23311ccfead4','2024-06-26 02:08:13.591'),(171,'mr.asavei10@gmail.com','{bcrypt}$2a$10$Y17g0bE.GQnQmtc.GQsbHuyNu7NjV/d92ZSplGT4k4ltElyQDFdVq',1,'0439ae43-ee1d-40d3-b932-8054bab3c13e','2024-06-26 13:09:35.005'),(172,'alexandradaria17@gmail.com','{bcrypt}$2a$10$S6iDTw1zM1dZ3hzJ/xXYKeUa7lDcNdJ3BgPGvseYhm1E8iQPdOHgu',1,'a64d0f98-f14d-4223-9a03-b7dd9ad4cf3a','2024-06-30 14:24:50.167'),(173,'medicina.umfcluj@gmail.com','{bcrypt}$2a$10$eqDlJ7SmJXyXlcbyQpNvz.I9dazFI0eV7LcsFfwq/BHkM35u96jBC',1,'4b17cb11-5858-4b74-a1f8-2c841a106a10','2024-07-03 19:24:40.535'),(174,'geta.mabrouk86@gmail.com','{bcrypt}$2a$10$TYFri6OHp79sclAp7uICXuAk7MBdbamwdww1iw9GSAHNm0zXLRmk6',1,'4e4ec100-0b44-48bb-bc93-a7e67159d666','2024-07-05 15:32:47.699'),(175,'stefania9930@gmail.com','{bcrypt}$2a$10$nNCRscbgkBS7MNqMDT.BWeq2DvYPU7APFV55PqNLdzKtrLZLu.bi.',1,'0d9b375b-e2e2-44ed-829a-3bfc4b94bc71','2024-07-06 15:24:33.524'),(176,'abconsultimob@gmail.com','{bcrypt}$2a$10$ME799bMQXkhkfc21VBwbVuaZbU/lZkR8g31rsMKeYUMXxwAiifSEq',0,'8a5a37c9-3486-4e13-b329-351a56fa33e3','2024-07-10 12:45:10.274'),(177,'chuckk.hubbard@gmail.com','{bcrypt}$2a$10$O/r5wGKbDB2bu0pZ68maNujo/gudxC5hpoltaot4ttXPZSUZLMJSW',1,'0ededc08-af3f-43f0-9860-7d95f0976e98','2024-07-17 22:58:29.185'),(178,'lectia@yahoo.com','{bcrypt}$2a$10$khVk9syz9EndM7ZUoIKQsexw1YNOmVdCL0eFjRuu0KRmKRaVnWJ..',1,'12f4255e-d7b6-4c57-8e18-9ee2220306f0','2024-07-25 14:09:04.799'),(179,'maria.ciobanu163@icloud.com','{bcrypt}$2a$10$5GEk3h7H13WqXQivlozCfu3RPumjMozcPlH9KVQIPixFwx93/LoMq',1,'6a600282-e51a-4518-ac6e-0bb3a4a51988','2024-07-26 11:53:07.037'),(180,'larisatopala990@gmail.com','{bcrypt}$2a$10$xPz9bjvz3V6HaY5M.j.GLOlk5.dYvkRlJVt7Nvl7ZxIee3JQNChtm',1,'28f54937-3a30-45b1-98e8-9d712d9f30b2','2024-07-27 13:05:44.654'),(181,'stoikabb@yahoo.com','{bcrypt}$2a$10$Aiqt1pAeljdVgnTUPWVJ.eOMvWsMSkrdnvRmSfPYKcEbJVbnIJe4y',1,'052291c5-da62-4f47-9418-ad05dded988d','2024-07-27 16:37:47.148'),(182,'mathteacher@duck.com','{bcrypt}$2a$10$H.WYjfxMZ5yU1jNoJ8gqIOPaxddG1vr3YjV5DpJmtiaYB2MA2fFqC',1,'3442827f-061b-4a56-8b1a-04682c75a9c5','2024-08-02 14:08:35.983'),(183,'superdenii18@gmail.com','{bcrypt}$2a$10$zemt45jzhR5EgSK92DoCYO656LG7Off3RTNvumrP.ZtoYtod9slQu',1,'f1c7463e-f5e2-4d0c-ad87-09c43946dc09','2024-08-02 14:34:38.288'),(184,'adriana_bostina2003@yahoo.com','{bcrypt}$2a$10$Eik9LVwtek9eGdTnr.UiReJ6/e/a8T5JCqLtniU4iB4fHn6sn3gu2',1,'8ac9a78b-e0df-4751-9a56-6fea3642d53c','2024-08-09 21:51:46.059'),(185,'as_sfinx@yahoo.com','{bcrypt}$2a$10$BqtklTj95S3zRrDq3VzNKe5wR3fUTP5HqzyVMBHqzzvCvuqdI9sbm',1,'8c8ed306-fd94-43fd-baa3-459252bd2e63','2024-08-11 14:05:42.103'),(186,'wtc22583@gmail.com','{bcrypt}$2a$10$NSnzLf5sSDGBBsQ5Ho/QBeUUnCE6agSY5yZF3YSSAqJYf9uXMEjse',1,'4e63ad6a-3109-4ad9-8f21-483c324e7d13','2024-08-12 23:07:40.171'),(187,'carcadiateona889@gmail.con','{bcrypt}$2a$10$EY1svSTifspA8c9slOEP.Oy8MmgkwWmHUfp46n08dXL3MIFoJW.Gm',0,'a0bf8c28-e947-4f4c-8949-82a89788f95f','2024-08-21 14:17:13.771'),(188,'alex.carstea2000@gmail.com','{bcrypt}$2a$10$vnwhrNy6y2tVO15BP3IhdOsqQXWVQmAjEfiBZgGPxXNSAkL6x6Hn2',1,'10ffa85f-e547-499d-a63d-481c8f0bb9a1','2024-08-22 16:00:48.937'),(189,'magdagiurea742@gmail.com','{bcrypt}$2a$10$SRKFxxc.AQJKVP.5s9ctQuvqlzUXhwMlLiebrn9ORrxup50F209ie',1,'d7c7cb30-97ab-4448-b192-cdf29f10bb7d','2024-08-24 18:05:07.231'),(190,'pregatesteteinteligentle@gmail.com','{bcrypt}$2a$10$EIOxeyQMtr0wBmz3hoiunuNPToj7g/e7ZZDEaEJYXsGY/ZFa6.sPO',1,'74353c52-c29c-4178-bbd8-428d967144c7','2024-08-26 19:54:38.664'),(191,'viccyy@yahoo.com','{bcrypt}$2a$10$0oMKq9STTixeVJPRuBF/6.hOZSpH/2wDxlwaXnI.keJQO2sAxT72S',1,'2231d0e3-621a-4f81-b57a-fa709e266739','2024-08-27 18:29:54.732'),(192,'francesca_asr@yahoo.com','{bcrypt}$2a$10$qUhJlBSpXS8E9RZNO3j63.0KwTqpm7Yb8tooTqDLVYRXClYTcYK2O',1,'b1a661f5-1a10-4beb-b581-746cc652ba79','2024-08-28 14:41:44.047'),(193,'chiracxioana@gmail.com','{bcrypt}$2a$10$e3Xslq.Pr7QG8VFquGpf9OGqmEYAkgFoOB7itb8A4mD0kYFm9P3b6',1,'ac7bdf72-be08-44b7-b4cd-dd48785b038e','2024-09-01 15:58:42.612'),(194,'maria0028855@gmail.com','{bcrypt}$2a$10$m53skexyBajLtrxawFK2JebTm4O0E8cfiC8t6r5Qdf5T0XAAZgLDO',1,NULL,NULL),(195,'ciubuc.way@gmail.com','{bcrypt}$2a$10$TBJ.BTQXbGY9Ywy1gzM9mOUUKBxz5XvP5hzAhTtIoVueZY8hnYlYO',1,'eabc5291-d137-45ce-8572-2ddde0f3059e','2024-09-03 15:52:17.367'),(196,'claudiachivu99@yahoo.com','{bcrypt}$2a$10$fE3MPZVOiaMPjUTCqcQYTeUKoK2m2UOksNuZ1BJgKilaotABDd00O',1,'cf75727a-b8d4-4f96-ab32-a732690fdbdf','2024-09-04 13:49:34.995'),(197,'stg.marina@yahoo.com','{bcrypt}$2a$10$lQfD/lA0.uRzuRfOV76aTOj0J4hOYLF2LohdkIhg6.G5DJBerCj.S',1,'53f20590-761c-47a7-b5c0-4137efad3416','2024-09-04 15:15:47.543'),(198,'Meditatiicontact@gmail.com','{bcrypt}$2a$10$j6XhhJtcjirkH2ZMiCSRQOSeEpuqoU1R55C1GThTsG05mpxcJfCiK',0,'0bda2e79-2ddd-4dd6-a972-454d48738e89','2024-09-04 15:33:06.731'),(199,'nicoleta.nour@yahoo.com','{bcrypt}$2a$10$C8qD/jk74XCIiDIUvC5LVu5pRPiFF1F1PEzKJp8ChfR2Q9lh6rKYm',1,'a269bbc6-fe40-4360-9385-81fef344059d','2024-09-05 01:38:39.846'),(200,'virgilbaldovin60@gmail.com','{bcrypt}$2a$10$qH0JzgVxfJsuksazasChzuMwqS5Xd8s71djinGVTPh2n1T.JaR5sq',1,'328d5949-10cf-4128-be54-79d0c8751ee0','2024-09-05 02:08:15.056'),(201,'andreeadecu@yahoo.com','{bcrypt}$2a$10$a1p4c9GnwoZencKyQskzX.kaJKuqYPZEKq3IXIiqsrHd.84sX1C9S',1,'4c88f17a-4eec-4bc9-bc57-abaf1233253a','2024-09-06 15:46:05.174'),(202,'contact@germankulturhaus.ro','{bcrypt}$2a$10$l3vA4JTREoVNITIgIEIHfeDXdwZhO7HXZ27ROLC/k87Y8TdqKGS9K',1,'b40b901a-0d2b-4495-8d83-8e306d5fd87c','2024-09-07 17:13:06.744'),(203,'roxanagaloiu17@yahoo.com','{bcrypt}$2a$10$Gi83KvKKvjCJs4X.F8FlsuQM414nK9eRsyXCOrvJM6kcAKwDmKPOS',1,'a82804e0-6e76-4c21-8d09-3fcdca4a7e81','2024-09-11 12:04:16.649'),(204,'sondra_finchely@yahoo.com','{bcrypt}$2a$10$YY4vIxs4oX51Te9pkNvrYONc2vHQF/P0Lb5r2QbVMgoUY/JvJJH46',1,'907f2c1e-a48f-4796-8a83-0969c675076d','2024-09-11 17:39:49.807'),(205,'dragomirnaty76@gmail.com','{bcrypt}$2a$10$0or9O/BptG1CBTseXKIupeSXh3/JqymM8sbEU/Dxv1yKGxJIraKgy',1,'09664606-6159-4cb6-9464-95df157d5c5a','2024-09-13 14:18:24.82'),(206,'lauravoicu1209@yahoo.ro','{bcrypt}$2a$10$3NL7NBICp8Ey4.YhMLj2uu7z99RZwlBfEnKEajqJ6bdYlWvg3v4Bq',1,'56e65271-c98d-4682-92a6-948b60783e6f','2024-09-13 15:47:57.395'),(207,'Filipioana5@yahoo.com','{bcrypt}$2a$10$Z0W88rn0czj5d4FT80vP6eB6YRFAi71LUjEvQ.vI70vuAfRm1R0RG',1,'00b37778-96d5-4e2f-8e20-3e2ec919dde5','2024-09-13 21:44:27.591'),(208,'rebeca.gavrila2004@gmail.com','{bcrypt}$2a$10$ig2DrDDaTQrBRBVHpdQ7Eu/PRahH3Pw7i.06Rg2sFzzry9L55M55i',0,'8799983b-eefd-465f-856a-2f7be6edc28f','2024-09-15 10:33:19.642'),(209,'simonapatachia77@gmail.com','{bcrypt}$2a$10$ga6obIEg6SKQV9t/TupZ2.yW2mK55UcKMW4Z0e16iwia35pAccYk2',1,'faade7df-d4a5-48aa-953a-de5ff1efb7a8','2024-09-15 13:44:06.614'),(210,'dicuandreea@yahoo.com','{bcrypt}$2a$10$RYJNnq3piJaFbBYhU3gflOt1ES/2OWVhVbk.sgA4.KF0OifdOS1Ti',1,'62937844-63eb-428d-aae7-64c9f4bb3ad6','2024-09-16 16:30:23.703'),(211,'mino.pinzaru@gmail.com','{bcrypt}$2a$10$madgWnJpcMw1eWnZldwxC.HyJwifCjvC5/KOaDAxY2f/QOyjG8ZQ.',1,'d917a498-be8d-4bb1-83f5-5d7f1fb38cd7','2024-09-16 22:32:05.192'),(212,'malina_mihailescu@yahoo.com','{bcrypt}$2a$10$SjFHbwRXR3m28zRtSs1GquIN62SJyrdCCEUvG4tJoL51.Rjf2/O8i',1,'dc88a8c4-060d-47ed-914f-30656c3edece','2024-09-17 20:56:19.228'),(213,'andreeabadea8@gmail.com','{bcrypt}$2a$10$mTPlwv9BLqfPS3GMgqUmL.Q.Aylym9xgeFELoX7JFA4Laiu09Uz1S',1,'d6d29321-27a5-4afa-99c6-1a8f5bc7b5e0','2024-09-18 21:04:14.651'),(214,'lauranita1996@gmail.com','{bcrypt}$2a$10$2MbLypInUeF3FNr7lsJfSeLs8/8trs.g2wRmu1WyJrIvQ5J3PZUH2',1,'523106c3-074b-4e27-b9ae-cf8c17cf00df','2024-09-19 21:33:58.358'),(215,'office@monduver.ro','{bcrypt}$2a$10$130GfmG51.BA0IAWsFJ9q.aHIw2tGVR.dddMKO9oiQCc8N7UQ39qW',1,'8c550bf7-2094-4975-9a6f-720e2f016146','2024-09-22 23:50:26.044'),(216,'raluca_cazan@yahoo.com','{bcrypt}$2a$10$aVxzWajtTgpo.Ac2KLj0LOCf1mv82bZRU89id.G4.s7TljY6cN5G.',1,'002c7f03-4a9c-4089-8d93-d7f57005b268','2024-09-23 20:54:16.087'),(217,'bogdan.domnit92@gmail.com','{bcrypt}$2a$10$rRG3GN9vUUxFpniLcCdT2OI6vNr1nU7L9SW0UkQxejZKWahX00zSq',1,'6254bd9c-df35-47e4-bc42-49e7dcc7110c','2024-09-24 22:17:53.014'),(218,'tanasescu_cristinamanolescu@yahoo.com','{bcrypt}$2a$10$KP.mu1ijT7HWG4g5EsUGOe6kuDKbxtMocNBK3zCY.bCeYt8HaxP5a',0,'0420f087-9405-4caf-acae-3c301a0be419','2024-09-25 00:30:53.454'),(219,'craiamihaeladiana@gmail.com','{bcrypt}$2a$10$xze5Cj8Y3Jg7RlKMuuAcVezz0PxyS7JPeZiYtybYT9jnY21tkTfk6',1,'f594ae49-bbdb-4ca2-bd78-ac6c7c06a516','2024-09-28 01:31:58.294'),(220,'catalinaivanoiu@gmail.com','{bcrypt}$2a$10$/mF5rg5aAxTHx/N5srWOpO.EutP2BnamqFpkz2O6vLWZGaQFz0Mvu',1,'fd14d95d-87b9-4913-8963-8f553f0fd0b2','2024-09-28 03:55:30.193'),(221,'sdrol12@yandex.by','{bcrypt}$2a$10$x9hq7UTsTUvNmtJ/iCNSDOV4KrFGVqzHcaIAVXHpB/FQYEg/daqlu',0,'842eab4e-35c4-4e05-8088-49f39976056c','2024-09-28 07:12:32.264'),(222,'costeadarius@ymail.com','{bcrypt}$2a$10$jf9IdFm75IzmZ/BjFwXI3udjkkGhkivxmKj5TqCXnWYU83N2oIpSu',1,'2ddab6f1-3610-4d76-a971-db69f801a500','2024-09-28 22:01:26.03'),(223,'ilincaarseni8@gmail.com','{bcrypt}$2a$10$aLWrt/zKQIwHoaykJIJMUusdaS0Xt6Fg9Hw8J/z9g5pggDsrhk1QS',1,'5917a192-0586-44e7-8c9d-77fd15bfe17c','2024-09-29 19:54:42.642'),(224,'elena.ion82@yahoo.com','{bcrypt}$2a$10$mi6wRabuk5BpJyKbd3uSH.A82C9D6xPhqa6.znrsWq4psoWYqfATC',1,'8dcc8f8d-977d-49c3-b9db-cf50084b4cdd','2024-09-30 14:44:02.062'),(225,'xeniaradulescu@gmail.com','{bcrypt}$2a$10$kZ7MVlbuyb8Y81071UZjeeKZFBO9unsfbWy458Cj90GSco7U.g0Ay',1,'b5e52620-b241-47e2-9a47-3d35a1e3b699','2024-10-03 14:10:18.541'),(226,'andreea.musteata1009@gmail.com','{bcrypt}$2a$10$WyULqj1Tx1uXRkiwyT9XgOw1ngg0F8amNk5TWem.pkAL/abDbr/rW',1,'0b087d10-81a8-43d5-bea8-ff766fa521e1','2024-10-04 19:58:14.807'),(227,'cristinadianasavin@gmail.com','{bcrypt}$2a$10$nJf1I56vQKo/4VjT2UgIe.Z27HCASZZkE4b0cVDIAIeGDbifeT5mG',1,'48a15f3e-a5b5-441f-b488-09950bdb0d9a','2024-10-06 16:11:33.069'),(228,'kastana20000@gmail.com','{bcrypt}$2a$10$1bBodRAY1JP1I9PzoJmbcOCdjzDWuaVIRXUhunA8GTukzDbd3SQQy',1,'68951bb5-c956-46ae-a475-95c1e7012178','2024-10-07 11:33:04.256'),(229,'ioanaaa_30@yahoo.com','{bcrypt}$2a$10$s8MXyav12LXUkjbxjqvIKuZ6IYP3XlNu1GmbXs5Uf4rt0uHXOCCuC',1,'2578b517-f7dd-4bdb-80ba-74d0fdad79c5','2024-10-08 14:25:41.196'),(230,'iuz.chirul@gmail.com','{bcrypt}$2a$10$aPTV60H/jPAO/.Q3zKyyEO.VK63VwJ2YA4YU6XqNUns7JPO33/kJy',1,'238ba718-f514-4c57-870d-1829a9e0bbcb','2024-10-08 17:03:25.364'),(231,'carmenmanaila2108@gmail.com','{bcrypt}$2a$10$uEOZHYW1luFi1DjSGu8yZ.UHd7l4Oqv0w6tvRaLLQCHYsI4CzIOcq',1,'1580de42-ebd3-4d55-946c-b6cdafa684e7','2024-10-08 22:13:15.301'),(232,'horia_contact@yahoo.com','{bcrypt}$2a$10$18hVU.Rh9qTa6O5T6JaJ7e4epAEbf5iqT3pYtHQaIgV2BYlDClsEa',1,'05add971-8f6b-4dc3-b308-79379c79e904','2024-10-11 21:25:19.137'),(233,'mihaeladiaconu90@gmail.com','{bcrypt}$2a$10$U7KPc59mRH2y.2hTPyXgcuNokJQcef3xFzQmghWldqcrByuOG83Ti',1,'89a8a615-8e59-4252-bd4b-653a934b5a50','2024-10-12 13:43:51.202'),(234,'fmbulat@gmail.com','{bcrypt}$2a$10$D4H/rLmOYybG6uo/UpHgy.fbxPww.PT4KJM4JqI91wU6W0gyS5CNW',1,'ca3441c5-e89f-4b01-9079-aa803085db2c','2024-10-15 00:48:34.83'),(235,'belles.lettres44@gmail.com','{bcrypt}$2a$10$12lnkzsYgNUHX.cCWGg7eeD5S1GPat4rUis/p/pQmBqo8sXGzfqZS',1,'b9f2ced3-1742-4a2c-8bc2-9afa572ad762','2024-10-20 17:14:17.794'),(236,'mihai.sterea@yahoo.com','{bcrypt}$2a$10$I9GMJH3rmzSVjlnq.GaTf.4g9/yUtoE1N2cnDlyq6XBVG.JvdXu.a',1,'95ecdbbb-bfb0-4012-8967-e7b75a425ab7','2024-10-27 17:05:32.403'),(237,'diana_costache.adts@yahoo.ro','{bcrypt}$2a$10$YmtrTtSHuNvYRbYnNaoxE.cVZKl7CaGNuu7mjXHtK4VQ46S81OirC',1,'b186d731-7f4f-4afc-8c3b-a8b43fb05ff8','2024-11-01 22:17:58.491'),(238,'roxana.costescu@gmail.com','{bcrypt}$2a$10$d2Fw3hOEURjplLmW4jQvcu9m7KWoGFo774ktRg4tZtFBHCt7pEHxG',1,'615c99e0-0110-456a-a771-c010ea439fd3','2024-11-10 21:07:21.589'),(239,'madalinasimion05@gmail.com','{bcrypt}$2a$10$0S5wW2CXCys7kOv/WDmnI.Id1rXeR/4kk0L1IIJvJZcbvatlwiTxG',1,'d13fd767-6501-433f-869c-7f5e037ff1e2','2024-11-12 13:54:22.064'),(240,'gabrielacezara98@gmail.com','{bcrypt}$2a$10$zGHreqbNvgr6tRffH.Gq2Oghh1VfEMNVizMArv47j6/18wcI/f6Xi',1,'2418f2c7-822d-44ac-83bd-eea7e36ff659','2024-11-12 19:25:07.103'),(241,'danielarosca747@gmail.com','{bcrypt}$2a$10$SA1S4sFRYZJT5g6Zl.O5fO0YbbtOYUFBgnSpjvVLZZIpnTDD.FLmC',1,'111f965f-9d39-42eb-ade4-d0468576b748','2024-11-12 22:09:32.562'),(242,'Cazanandra494@gmail.com','{bcrypt}$2a$10$lGmEBJhMs2OZEZs.EDFj9eKWKm2DTxVLF79tmKRL3mjj/Y4JUCnBy',1,'7b923469-5fd8-4c1b-9478-6d496a5e2e56','2024-11-19 03:19:43.807'),(243,'prim@ymail.com','{bcrypt}$2a$10$S5KSzZSqbZKCN1gBAVXiSeaANKK1qYJ9Cg0YALok/y2CCDJ1Adiw2',1,'80cc1fc6-3423-43e7-a031-bc3a480eca4f','2024-11-19 20:52:59.262');
/*!40000 ALTER TABLE `users` ENABLE KEYS */;
UNLOCK TABLES;
/*!40103 SET TIME_ZONE=@OLD_TIME_ZONE */;

/*!40101 SET SQL_MODE=@OLD_SQL_MODE */;
/*!40014 SET FOREIGN_KEY_CHECKS=@OLD_FOREIGN_KEY_CHECKS */;
/*!40014 SET UNIQUE_CHECKS=@OLD_UNIQUE_CHECKS */;
/*!40101 SET CHARACTER_SET_CLIENT=@OLD_CHARACTER_SET_CLIENT */;
/*!40101 SET CHARACTER_SET_RESULTS=@OLD_CHARACTER_SET_RESULTS */;
/*!40101 SET COLLATION_CONNECTION=@OLD_COLLATION_CONNECTION */;
/*!40111 SET SQL_NOTES=@OLD_SQL_NOTES */;

-- Dump completed on 2023-11-23 15:43:18
